epoch,train_loss,val_loss,map50,map50_95,train_seconds,val_seconds,peak_vram_gib,lr
1,15.94407699584961,13.29555082693696,0.005280841563354392,0.0012412708622776057,2.51346614677459,0.6397224394604564,3.47357177734375,0.001
2,12.88173625946045,12.007049581035972,0.014017817860133452,0.0036327188693962274,1.9669194919988513,0.617866306565702,3.47357177734375,0.0009997557473810372
3,11.899240303039551,11.081213326193392,0.022023730957718292,0.006960360888472602,1.9572015358135104,0.6298984661698341,3.47357177734375,0.0009990232305719946
4,11.46659824371338,10.774850714951754,0.02863640006675604,0.00889216124306685,1.9583661127835512,0.631983170285821,3.47357177734375,0.0009978031724785247
5,11.007341747283936,10.345547788776457,0.03261998931996436,0.011585302024060155,1.9778919080272317,0.6352634960785508,3.4736595153808594,0.0009960967771506667
6,10.727740993499756,10.320837163366377,0.03327046204031218,0.011982709205793916,1.9575833091512322,0.6405415246263146,3.4736595153808594,0.0009939057285945933
7,10.443999729156495,10.212641226127744,0.03645317496035246,0.012657882986107682,1.9676223453134298,0.639604021795094,3.4736595153808594,0.0009912321891107012
8,10.261859188079834,9.865758951753378,0.04061829510275426,0.013742943515969448,1.9569947253912687,0.642535587772727,3.4736595153808594,0.0009880787971596802
9,9.97063482284546,9.679958858527243,0.04281853772468973,0.015909302323852806,1.9595926022157073,0.6488765897229314,3.4737424850463867,0.0009844486647586726
10,9.875920181274415,9.620328671298921,0.04862278635532669,0.01721199932628614,1.9663270199671388,0.6456945827230811,3.4737424850463867,0.000980345374410087
11,9.7123512840271,9.669591984711587,0.0511429468937357,0.018758051275982783,1.9460964919999242,0.6485064039006829,3.4737424850463867,0.0009757729755661012
12,9.62805311203003,9.752378487028182,0.0459404127588562,0.016881921996370265,1.9722174433991313,0.6429258584976196,3.4737424850463867,0.0009707359806323418
13,9.536050090789795,9.433035873807967,0.04797421481332395,0.01764802879792826,1.9641966223716736,0.6482078041881323,3.4737424850463867,0.0009652393605146846
14,9.391590595245361,9.396612853743136,0.05091272752812039,0.018526929330456292,1.9725332977250218,0.6511826459318399,3.4737424850463867,0.0009592885397135708
15,9.352803802490234,9.376931192353368,0.05270791277813972,0.01999776497880454,1.9631996620446444,0.650267206132412,3.4737424850463867,0.0009528893909706799
16,9.183936958312989,9.269520110450685,0.05537938572622525,0.021258166819227084,1.9650612063705921,0.6508623799309134,3.4737424850463867,0.0009460482294732424
17,9.085951766967774,9.242982604540884,0.054819630367761565,0.02092148494946424,1.9758250834420323,0.651958285830915,3.4737424850463867,0.0009387718066217127
18,9.065947971343995,9.34619268309325,0.053525126592615734,0.020270130300181863,1.961998077109456,0.6507744807749987,3.4737424850463867,0.0009310673033669524
19,8.945766906738282,9.222055716440082,0.05733029310930865,0.021455045949171248,1.9688129341229796,0.6508290506899357,3.4737424850463867,0.0009229423231234977
20,8.852213640213012,9.274059928022325,0.056166602314019674,0.021017696370193257,1.9575021779164672,0.6515694297850132,3.4737424850463867,0.0009144048842659084
21,8.825276947021484,9.207446915097535,0.052995815277000834,0.020042166329744635,1.977549009025097,0.6511528240516782,3.4737424850463867,0.0009054634122155993
22,8.72491862297058,9.165528823621571,0.051853342028655006,0.020027389211172357,1.95251259021461,0.6560756098479033,3.4737424850463867,0.000896126731125967
23,8.684860601425171,9.251026881858706,0.05072266413540076,0.019647814715914,1.9710971638560295,0.6525908932089806,3.4737424850463867,0.000886404055174016
24,8.639060173034668,9.160004400648177,0.052388187758286776,0.02026676068548502,1.9598379041999578,0.6549171451479197,3.4737424850463867,0.0008763049794670778
25,8.589478197097778,9.137654370628297,0.055150919448295796,0.02052414515451674,1.9601330608129501,0.6555350543931127,3.4738335609436035,0.000865839470573599
26,8.532404375076293,9.442133568227291,0.05830523277769014,0.021131367318475983,1.9631179524585605,0.6490891603752971,3.4738335609436035,0.0008550178566873413
27,8.465347108840943,9.083969277329743,0.058682085920926705,0.021455058097918117,1.960893014445901,0.6548680206760764,3.4738335609436035,0.0008438508174347012
28,8.318251676559449,9.15177640132606,0.05217827922601394,0.01936542257495383,1.9602328380569816,0.6540576722472906,3.4738335609436035,0.000832349373335208
29,8.331086139678956,9.38571985065937,0.04963274059365395,0.017711587593943628,1.9713684730231762,0.6455365112051368,3.4738335609436035,0.0008205248749256018
30,8.26581597328186,9.192308264784515,0.05561102062248149,0.02085842154742131,1.9632777972146869,0.6529030427336693,3.4738335609436035,0.0008083889915582238
31,8.238895835876464,9.22336502559483,0.0601470322435302,0.02121240166002441,1.9526814492419362,0.6519328197464347,3.4738335609436035,0.0007959536998847747
32,8.191999425888062,9.285530486144125,0.056884970915025215,0.021212693599605557,1.973319205455482,0.6531530069187284,3.4738335609436035,0.0007832312720368051
33,8.139939460754395,9.118616471998394,0.054441045054180806,0.020596205218186295,1.9554194528609514,0.6550392378121614,3.4738335609436035,0.0007702342635146037
34,8.102974481582642,9.147362769581378,0.061058748390864295,0.021941943128878216,1.9615226816385984,0.6527109872549772,3.4738335609436035,0.0007569755007964342
35,8.053213424682617,9.258364624343812,0.05711265313997815,0.02015701361404068,1.9572049090638757,0.6518804300576448,3.4738335609436035,0.0007434680686803494
36,8.038057775497437,9.109808850102127,0.054582976485222534,0.02023227233018592,2.0840922240167856,0.6537199029698968,3.4738335609436035,0.0007297252973710761
37,8.008260583877563,9.114299622364342,0.051193416582328434,0.01893942550426771,2.2303422149270773,0.6540811937302351,3.4738335609436035,0.0007157607493247114
38,7.957845087051392,9.21192117780447,0.0506669671660239,0.01863570781092426,2.2550168344751,0.655469455756247,3.4738335609436035,0.0007015882058642168
39,7.922746152877807,9.18994453549385,0.05684228022934541,0.020937667470851896,2.2400964563712478,0.6508331671357155,3.4738335609436035,0.0006872216535789162
40,7.894788799285888,9.174370093271136,0.057227506042779465,0.020240067071159235,2.2539888648316264,0.653709165751934,3.4738335609436035,0.0006726752705214198
41,7.8174464225769045,9.109663140960038,0.05703915788515179,0.02154545728352543,2.2457282170653343,0.6539892433211207,3.4738335609436035,0.0006579634122155995
42,7.793971481323243,9.175006583333015,0.060762540366318486,0.02261835467597592,2.238473187200725,0.6526466794312,3.4738335609436035,0.000643100597489419
43,7.719695549011231,9.219831594265997,0.060835338192603526,0.021590992790240328,2.2480383021757007,0.6551896156743169,3.4738335609436035,0.0006281014941466035
44,7.748257989883423,9.136569100432098,0.05287941951810325,0.01958281826348079,2.256719807162881,0.6607923116534948,3.4738335609436035,0.000612980904491289
45,7.661141319274902,9.236029065214097,0.05772451217492898,0.02130220372849462,2.254725869745016,0.6530008772388101,3.4738335609436035,0.0005977537507199342
46,7.666616525650024,9.168318310752511,0.059989960510076115,0.022491563098054636,2.2426717448979616,0.655384180136025,3.4738335609436035,0.0005824350601949147
47,7.656469640731811,9.18375021032989,0.05370683749086186,0.020177405664114575,2.2457125997170806,0.6526790903881192,3.4738335609436035,0.000567039950614331
48,7.5722550201416015,9.189597467891872,0.06009299043561234,0.020648967991565216,2.2442122539505363,0.6525563159957528,3.4738335609436035,0.0005515836150926649
49,7.547177572250366,9.25949323642999,0.05852002044946673,0.020816621449101805,2.260417311452329,0.6528539508581161,3.4738335609436035,0.0005360813071670105
50,7.545721158981324,9.13650890160352,0.06031245546562565,0.021549150057693624,2.26009526476264,0.6553745176643133,3.4738335609436035,0.0005205483257436738
51,7.560373220443726,9.210269436240196,0.0570066702777305,0.020534353920691473,2.2404032172635198,0.6535142417997122,3.4738988876342773,0.0005050000000000002
52,7.4800035095214845,9.156756052747369,0.060318337273374614,0.021788290762772618,2.2553782192990184,0.6537631312385201,3.4738988876342773,0.0004894516742563267
53,7.4464311695098875,9.216784941032529,0.054501877223166184,0.019582158768419712,2.2593008810654283,0.6608154308050871,3.4738988876342773,0.0004739186928329901
54,7.404637231826782,9.19835087005049,0.05632501444522631,0.02060633536049926,2.256017298437655,0.6534613678231835,3.4738988876342773,0.00045841638490733556
55,7.386237993240356,9.16639759670943,0.06127663270274025,0.021559857751658668,2.2367003466933966,0.6538454229012132,3.4738988876342773,0.0004429600493856696
56,7.371960277557373,9.236698407679796,0.06104523595029554,0.021744824442096116,2.246969634667039,0.652651141397655,3.4738988876342773,0.0004275649398050859
57,7.356126766204834,9.226493001915514,0.05970015383779644,0.020827400209752236,2.2394932797178626,0.6550615765154362,3.4738988876342773,0.0004122462492800665
58,7.343204250335694,9.249692331068218,0.061328531653864,0.021218736883414913,2.2482490641996264,0.6535771815106273,3.4738988876342773,0.00039701909550871175
59,7.345691518783569,9.171658338047564,0.0548413392589423,0.02002003845819615,2.256977466866374,0.653732543811202,3.4738988876342773,0.000381898505853397
60,7.259907541275024,9.229167520999908,0.05701587346725802,0.021493551593672597,2.2453107917681336,0.6526383580639958,3.4738988876342773,0.00036689940251058173
61,7.28208514213562,9.298918303102255,0.054853954133306015,0.020024462083838075,2.2436333233490586,0.6530021410435438,3.4738988876342773,0.00035203658778440135
62,7.23986738204956,9.237793040461838,0.057941979735227654,0.020912835963882936,2.2347220201045275,0.6536444360390306,3.4738988876342773,0.00033732472947858096
63,7.215484504699707,9.272886043414474,0.055089409240388666,0.020808221599386823,2.255505593493581,0.6530290190130472,3.4738988876342773,0.0003227783464210847
64,7.1839257431030275,9.229998705908656,0.057476428416165404,0.021033669988125267,2.2452398343011737,0.653590495698154,3.4738988876342773,0.0003084117941357837
65,7.174873723983764,9.237043746747077,0.053869573779348166,0.01960670422564166,2.2469072556123137,0.6528848735615611,3.4738988876342773,0.0002942392506752892
66,7.139085292816162,9.23681987542659,0.05949567667701631,0.021077970342519358,2.2592937080189586,0.6533192489296198,3.4738988876342773,0.0002802747026289245
67,7.1466556167602535,9.25870324857533,0.05542034798739147,0.020296593387903034,2.242995540611446,0.6520822420716286,3.4738988876342773,0.000266531931319651
68,7.122329683303833,9.250565267167985,0.05700162486672779,0.021301497209480335,2.2504242742434144,0.6534834215417504,3.4738988876342773,0.0002530244992035663
69,7.097800149917602,9.307335493154824,0.05559967378762465,0.019555258437487663,2.2447896525263786,0.6524377446621656,3.4738988876342773,0.00023976573648539667
70,7.098023710250854,9.247922817245126,0.053476501789166464,0.019895597643985675,2.2485897662118077,0.6539182011038065,3.4738988876342773,0.00022676872796319544
71,7.092841424942017,9.330120951868594,0.05663065987491367,0.01984665018735601,2.257513167336583,0.6507351920008659,3.4738988876342773,0.00021404630011522598
72,7.062160520553589,9.283470905385911,0.058396938657936805,0.020917172817716725,2.2532828003168106,0.652996783144772,3.4738988876342773,0.00020161100844177672
73,7.0707005023956295,9.295423625037074,0.055538350737638076,0.019801362637109333,2.2462899535894394,0.6586795095354319,3.4738988876342773,0.0001894751250743987
74,7.0229619693756105,9.31819958332926,0.05582504572014464,0.020170149610579724,2.255687363445759,0.6516494397073984,3.4738988876342773,0.00017765062666479255
75,7.012985382080078,9.283288431353867,0.053434945761104226,0.019631925127601493,2.244889633730054,0.6535099279135466,3.4738988876342773,0.0001661491825652992
76,6.967263460159302,9.289649786427617,0.05659970959993306,0.019898659538254038,2.2373869912698865,0.6530081667006016,3.4738988876342773,0.00015498214331265912
77,6.987181940078735,9.315961382351816,0.05746886677006204,0.020565507738490408,2.2575268894433975,0.6513450453057885,3.4738988876342773,0.00014416052942640148
78,6.957193126678467,9.314993643201888,0.0529241673444452,0.01921700802901678,2.2458775341510773,0.6512090843170881,3.4738988876342773,0.00013369502053292258
79,6.969552783966065,9.300996980629861,0.05420340538948811,0.019425404977342166,2.2452917266637087,0.6580105638131499,3.4738988876342773,0.00012359594482598446
80,6.950548124313355,9.312522293068469,0.05533670222423435,0.020192268997577482,2.2483895532786846,0.6534398691728711,3.4738988876342773,0.00011387326887403332
81,6.954546537399292,9.299910788424313,0.052131919857773976,0.019484618954652633,2.2613770067691803,0.6584282964468002,3.4738988876342773,0.00010453658778440112
82,6.942360944747925,9.2960251159966,0.05555356849997749,0.019859265275819965,2.2590729650110006,0.6550825908780098,3.4738988876342773,9.5595115734092e-05
83,6.932791347503662,9.320161595009267,0.05237076941760822,0.019110843226490988,2.2476550145074725,0.6530332332476974,3.4738988876342773,8.705767687650269e-05
84,6.923257999420166,9.319251487031579,0.05292815095686326,0.019137032818448526,2.250347789376974,0.6521713519468904,3.4738988876342773,7.893269663304787e-05
85,6.882115325927734,9.32570463232696,0.05231442090003946,0.018778954283276507,2.2304187789559364,0.6527819586917758,3.4738988876342773,7.122819337828756e-05
86,6.894447870254517,9.315430587157607,0.05523820325993918,0.01986482063829019,2.242361125536263,0.6530371448025107,3.4738988876342773,6.395177052675798e-05
87,6.897928113937378,9.314918000251055,0.0531444445848255,0.01916938571805895,2.2495091455057263,0.6588041735813022,3.4738988876342773,5.711060902932045e-05
88,6.868613815307617,9.328643502667546,0.056322604788899444,0.020095829045984264,2.243817700073123,0.6523133143782616,3.4738988876342773,5.071146028642948e-05
89,6.8614491367340085,9.32841135095805,0.05589520686992753,0.020306617506158288,2.2651894334703684,0.6620663702487946,3.4738988876342773,4.476063948531561e-05
90,6.861214714050293,9.300299236550927,0.05265841135975176,0.019176201095187476,2.2408271254971623,0.6544169262051582,3.4738988876342773,3.9264019367658426e-05
91,6.872374105453491,9.33405142184347,0.05344718087235532,0.01905358293587687,2.252742175012827,0.6524455584585667,3.4738988876342773,3.4227024433899026e-05
92,6.8466651725769045,9.321048409678042,0.05602539460116893,0.01968954695221406,2.238405172713101,0.6524834986776114,3.4738988876342773,2.9654625589913258e-05
93,6.860644721984864,9.330782171338797,0.055779267605913806,0.019865270325412333,2.246716110035777,0.6550294626504183,3.4738988876342773,2.5551335241327692e-05
94,6.826912984848023,9.319866904057562,0.052888286349059274,0.019084179783871412,2.256137376651168,0.6524978168308735,3.4738988876342773,2.192120284032009e-05
95,6.8701137447357175,9.332668215036392,0.05591232152195365,0.01958629567850803,2.2461626902222633,0.6517676319926977,3.4738988876342773,1.8767810889299096e-05
96,6.883156490325928,9.326017015613616,0.051811069400750434,0.018773522181102852,2.2456281688064337,0.6539061162620783,3.4738988876342773,1.609427140540687e-05
97,6.847557420730591,9.329464010894299,0.05636304463236763,0.020172540986155032,2.237258273176849,0.6524285031482577,3.4738988876342773,1.3903222849333514e-05
98,6.844498271942139,9.33073934726417,0.05626149529228014,0.020403977598411574,2.239840758033097,0.652438067831099,3.4738988876342773,1.2196827521475406e-05
99,6.873267154693604,9.324447087012231,0.05663337757602675,0.020301407777884552,2.2461977563798428,0.6566061368212104,3.4738988876342773,1.097676942800558e-05
100,6.839002714157105,9.314418835565448,0.056027631516826604,0.02005797756332788,2.2491956306621432,0.6534727653488517,3.4738988876342773,1.024425261896286e-05
