"priority","experiment_id","data","backbone","arms","seeds","budget","planned_size","status","panels_tables","notes"
"P0","full_visdrone_s0","VisDrone train6471 val548","DINOv3-S/16","C1;C2;Mix25;Transport25;Rec25;Online","0","100 epochs","6","RUNNING","E1a;E2a;S1;T1;T3","Diagnostic evaluator; no final full result yet"
"P1","official_rescore","VisDrone val548","existing","saved final and custom-selected-best","existing","inference/evaluation only","0 new training","TODO","E1a;T1","Pin official ignored-region rules; separate size extension"
"P2","heldout_diagnosis","VisDrone val548","DINOv3-S/16","Transport;Rec;candidate when available","0;1;2","5 fixed transforms","0 new detector training","TODO","E3;S3c","Frozen reference head; no val updates; diagnostic calls charged separately"
"P2","bounded_candidates","VisDrone train6471 val548","DINOv3-S/16","foreground-balanced;foreground+task","0 then fixed 1;2","q25;100 epochs","2 initial screening configs","NOT_IMPLEMENTED","T2","Method hypotheses; no promised gain"
"P3","full_primary_replication","VisDrone train6471 val548","DINOv3-S/16","C1;C2;Mix25;Transport25;Rec25;Online;final candidate","0;1;2","100 epochs","reuse compatible P0","TODO","E1a;E2;S1;T1;T3","Pin evaluator and final recipe before extending"
"P3","real_scale_cache","VisDrone train6471 val548","DINOv3-S/16","C6 scales .85;1;1.15 crossed with flip","0;1;2","100 epochs;zero train queries","3","TODO","E1a;S2;T1","Reuse C2 views; measure extra cache build and bytes"
"P3","feature_idea_baselines","VisDrone train6471 val548","DINOv3-S/16","selected FroFA adaptation;selected LOFF-TA adaptation","0;1;2","100 epochs;pilot-fixed strengths","6","TODO","T1;T3","Label idea adaptations, not original reproductions"
"P3","yolo_master_reference","VisDrone train6471 val548","YOLO-Master-N","verified complete detector recipe","0;1;2","declared practical recipe;600-epoch reproduction separately labeled","3 practical;reproduction separate","TODO","T1;T3","Common evaluation; disclose pretraining/recipe; no required architecture equality"
"P4","query_sweep","VisDrone train6471 val548","DINOv3-S/16","Mix;Transport;Rec;final candidate","0;1;2","q10 and q50;reuse q25","24 new max","TODO","E1a;E2ab","Verify equivalent q0/q100 endpoint reuse"
"P4","equal_total_time","VisDrone train6471 val548","DINOv3-S/16","C2;Mix25;Transport25;final25;Online","0;1;2","caps .25T;.5T;1T locked from preflight","45 budget endpoints","TODO","E2c","New budget-normalized schedules; charge cache and validation"
"P5","full_coco","COCO train2017 val2017","DINOv3-S/16","C1;C2;Mix25;Transport25;Rec25;final25;Online","0;1;2","fixed full recipe;optional q10 expansion predeclared","21 minimum","RESOURCE_GATE","E1b;T1;T3","Train data and storage missing at last inventory; no full Cartesian sweep"
"P5","backbone_robustness","VisDrone train6471 val548","DINOv3-B/16;DINOv2-S/14","Transport25;Rec25;final25;Online reference","0;1;2","100 epochs;query matched within backbone","24","TODO","E4b;T1 supplement","Retrain corrector; not zero-shot weight transfer; validate token grids"
"P5","corrector_transfer","VisDrone<->COCO","DINOv3-S/16","source-frozen;source then target-adapted;reuse target-trained","0;1;2","same target q25 and head recipe","12 new max","WAIT_FINAL_RECIPE","E4a","Head learns target labels; source and target costs separate"
"P6","sensitivity","VisDrone train6471 val548","DINOv3-S/16","final corrector width and output gain","0;1;2","separate one-factor sweeps;reuse matching default","up to 24 before reuse","WAIT_FINAL_RECIPE","S3ab","No width x gain Cartesian grid; retain unfavorable points"
"P6","frozen_testdev","VisDrone test-dev1610","selected","predeclared frozen baseline and final checkpoints","0;1;2","evaluation only","0 new training","NOT_USED","T1 heldout","No test-dev tuning"
"P6","qualitative_and_inference","fixed val scenes;fresh images","selected","GT;Transport25;Rec25;final25;YOLO reference for latency","0 visual;fixed latency repeats","shared confidence;IoU;hardware;precision","0 new training","TODO","S4;T3","Raw-image backbone+head latency; save scene criteria"
