method,seed,checkpoint,AP,AP50,AP75,AR1,AR10,AR100,AR500,macro_AP_diagnostic,cpu_evaluation_seconds
cache1,0,last,9.118574713050801,20.38171301508145,7.136579773666059,0.8016547105916733,4.915230329649138,14.703663200963183,22.236284136520403,8.804437401688636,3.537994765676558
cache1,0,best,9.406532842809069,20.890582929886925,7.5036425358027055,0.5907880047796743,4.971597365417852,14.585949592391737,22.294488384218095,9.278124875089224,3.5665221735835075
cache2,0,last,10.656825441852376,23.629006744914207,8.352769354699443,0.7279706329465294,5.218991155662805,16.078195581741628,24.215998911077996,10.324399918390235,3.549067122861743
cache2,0,best,10.70252449646735,23.639664097568993,8.438467200490182,0.737301951399555,5.244440453728636,16.119189529832084,24.26867310126276,10.406066111582284,4.009690215811133
mix25,0,last,11.352560927159786,24.559985256783552,9.16244637257089,0.6884257263417907,5.416630232021584,16.58160897234462,24.50087532800695,11.254042991035591,3.577346870675683
mix25,0,best,11.387846141038464,24.583869668478147,9.163536838870934,0.6883589607013061,5.437738827471253,16.641462123667694,24.54006032734862,11.293286538551065,3.7373482435941696
transport25,0,last,9.635043658970952,20.925495248502397,7.977310448755204,0.6749336911076428,5.1417381736012295,14.60391421337838,21.892862803901412,9.571706670168227,3.605716312304139
transport25,0,best,9.601869256081246,20.84655780657593,7.87752013915769,0.65095876762017,5.088091627894334,14.483503491759697,21.751853739283103,9.539922375256378,3.627928264439106
correct25,0,last,9.7655896823869,21.173573548016517,7.9368883275070985,0.6654196121216633,5.243115234285322,14.713528712881132,22.187848641206045,9.731416550739532,3.695243555121124
correct25,0,best,9.786686941588423,21.191351938851735,7.980814255403441,0.6847957012534602,5.306701103254861,14.795334605380058,22.239064372383318,9.75398666512234,3.53751159273088
online-geom,0,last,11.398159453937234,24.57922122197171,9.288335791628777,0.6884176851947794,5.27930409116562,16.89750793409316,25.0182648764337,11.236061711659042,3.596229803748429
online-geom,0,best,11.290263965454397,24.364842004353854,9.157256214700645,0.7235328118887321,5.2284475442019955,16.571667404617827,24.666699661870666,11.221181548833696,3.552766866981983
