epoch,train_loss,val_loss,map50,map50_95,train_seconds,val_seconds,peak_vram_gib,lr,query_images,correction_seconds,reconstruction_loss
1,10.812957052726905,9.42657470703125,0.05221592859079875,0.02147203666809134,69.36643357761204,4.5105168567970395,2.731693744659424,0.001,1617,0.0,0.0
2,9.54743237024554,8.997322082519531,0.06874940910714242,0.030534879607129556,67.60937943682075,4.430585985071957,2.765082359313965,0.0009997557473810372,3235,0.0,0.0
3,9.232616471721075,8.877166748046875,0.07238850272027889,0.03185402359130728,71.37429091800004,4.4413099978119135,2.765082359313965,0.0009990232305719946,4853,0.0,0.0
4,9.024605668064542,8.642340660095215,0.08152624782526625,0.038769636214573557,72.83504751138389,4.475231407210231,2.765082359313965,0.0009978031724785247,6471,0.0,0.0
5,8.89595312697131,8.587093353271484,0.08862385763951389,0.04204136720801526,73.31023052055389,4.463209722191095,2.765082359313965,0.0009960967771506667,8088,0.0,0.0
6,8.793780851356766,8.535350799560547,0.0874750109533737,0.042126734206268966,72.49455678742379,4.489324010908604,2.765082359313965,0.0009939057285945933,9706,0.0,0.0
7,8.732679459323213,8.427906036376953,0.09937268723007725,0.04779740834278949,72.67058362439275,4.484663596376777,2.765082359313965,0.0009912321891107012,11324,0.0,0.0
8,8.648570677206516,8.329864501953125,0.10308771413601203,0.05065500527373188,73.14828604180366,4.849697666242719,2.765082359313965,0.0009880787971596802,12942,0.0,0.0
9,8.59228090413883,8.316417694091797,0.10305273545773888,0.0513791124967956,67.97064741421491,4.525093397125602,2.765082359313965,0.0009844486647586726,14559,0.0,0.0
10,8.532461274556299,8.318390846252441,0.10165250479024288,0.05065735247288108,67.4745557801798,4.485693717375398,2.765082359313965,0.000980345374410087,16177,0.0,0.0
11,8.49359440645098,8.22622299194336,0.10391162564682029,0.051517751944290355,70.69113630335778,4.514524087309837,2.765082359313965,0.0009757729755661012,17795,0.0,0.0
12,8.460878519863789,8.232808113098145,0.10677784359346157,0.051909069589148864,73.81316814012825,4.540387397632003,2.765082359313965,0.0009707359806323418,19413,0.0,0.0
13,8.445499171394227,8.171567916870117,0.11393623808366882,0.05732870464301163,73.903992398642,4.720713509246707,2.765082359313965,0.0009652393605146846,21030,0.0,0.0
14,8.405522427995871,8.163673400878906,0.11472754632024393,0.0577288374449825,70.89944963250309,4.657945340499282,2.765082359313965,0.0009592885397135708,22648,0.0,0.0
15,8.372219057986548,8.172502517700195,0.11460522834706825,0.05665817378342712,74.08010831102729,4.706525748595595,2.765082359313965,0.0009528893909706799,24266,0.0,0.0
16,8.36437641651364,8.164388656616211,0.11918830793114876,0.059269519631601666,73.66685757413507,4.518067098222673,2.765082359313965,0.0009460482294732424,25884,0.0,0.0
17,8.312245301311636,8.154488563537598,0.1144800910560515,0.05682308349929108,72.84193275216967,4.525394476018846,2.765082359313965,0.0009387718066217127,27501,0.0,0.0
18,8.299621842003665,8.14027214050293,0.11596816378850869,0.05822091275866314,70.77845084667206,4.787821428850293,2.765082359313965,0.0009310673033669524,29119,0.0,0.0
19,8.289581500439386,8.070651054382324,0.12413720888824264,0.06287906871524292,72.26231356803328,4.692179675213993,2.765082359313965,0.0009229423231234977,30737,0.0,0.0
20,8.262369774570976,8.063020706176758,0.11876828877491223,0.05961874443805292,73.36899224668741,4.552658771164715,2.765082359313965,0.0009144048842659084,32355,0.0,0.0
21,8.25148459340041,8.021636009216309,0.1242601080628786,0.06311120839583526,73.41592472232878,4.629357602447271,2.765082359313965,0.0009054634122155993,33972,0.0,0.0
22,8.229134787917783,8.006586074829102,0.12449091051518346,0.06300121355556271,71.79782882798463,5.23810229729861,2.765082359313965,0.000896126731125967,35590,0.0,0.0
23,8.211610759581246,8.047365188598633,0.12288299850501812,0.061313442204656184,67.96672496106476,4.633177471347153,2.765082359313965,0.000886404055174016,37208,0.0,0.0
24,8.187494335430996,7.9923095703125,0.12280413780772817,0.06163972690821588,72.17191425338387,4.534934847615659,2.765082359313965,0.0008763049794670778,38826,0.0,0.0
25,8.177342876587009,7.996101379394531,0.12334253603064423,0.062240309939663715,73.20200075022876,4.552820616401732,2.765082359313965,0.000865839470573599,40443,0.0,0.0
26,8.158895238771116,7.955753803253174,0.12664227361497177,0.06414522448998784,72.94235259480774,4.5407515512779355,2.765082359313965,0.0008550178566873413,42061,0.0,0.0
27,8.141214041488098,8.023640632629395,0.12881357292914106,0.0650179503159241,73.10725437104702,4.57425562851131,2.765082359313965,0.0008438508174347012,43679,0.0,0.0
28,8.136731723861446,7.966943740844727,0.12556408138525685,0.06280544086121563,72.6698438776657,4.566191180609167,2.765082359313965,0.000832349373335208,45297,0.0,0.0
29,8.121455710005344,7.951766490936279,0.12342569184598098,0.06263523331406833,67.96102688554674,4.563748477958143,2.765082359313965,0.0008205248749256018,46914,0.0,0.0
30,8.111131016391264,7.943606853485107,0.12738399990047977,0.06428427842751637,67.42399348318577,4.578970465809107,2.765082359313965,0.0008083889915582238,48532,0.0,0.0
31,8.093858628382806,7.90952730178833,0.12635433673263824,0.06452985448945589,69.83246490824968,4.870248629711568,2.765082359313965,0.0007959536998847747,50150,0.0,0.0
32,8.088393290800761,7.9426164627075195,0.1265861870028378,0.06452074687664071,73.41969370283186,4.561014887876809,2.765082359313965,0.0007832312720368051,51768,0.0,0.0
33,8.077911580922411,7.895406246185303,0.1330794374080023,0.0676998747093509,69.06181699223816,4.76975751388818,2.765082359313965,0.0007702342635146037,53385,0.0,0.0
34,8.070710412834401,7.920378684997559,0.13279643801150823,0.06706262686308201,67.21795709989965,5.065790795721114,2.765082359313965,0.0007569755007964342,55003,0.0,0.0
35,8.043238446325999,7.9390974044799805,0.13236150280338568,0.0676965418662668,71.26976941805333,4.621755718253553,2.765082359313965,0.0007434680686803494,56621,0.0,0.0
36,8.048039974117735,7.945043563842773,0.13031282256004936,0.0674125803101764,73.06599018257111,4.530233706347644,2.765082359313965,0.0007297252973710761,58239,0.0,0.0
37,8.026349615487005,7.885430335998535,0.13151205588478618,0.06763077967498099,73.52159630227834,5.209144257009029,2.765082359313965,0.0007157607493247114,59856,0.0,0.0
38,8.024669898346612,7.9456400871276855,0.12937410263250093,0.0659641362973302,73.33919969201088,4.592955727130175,2.765082359313965,0.0007015882058642168,61474,0.0,0.0
39,8.01351958009416,7.902814865112305,0.12612137152514064,0.06467096882185414,72.94510946981609,4.836925462819636,2.765082359313965,0.0006872216535789162,63092,0.0,0.0
40,8.007496701309659,7.908577919006348,0.132937368534158,0.06733328138470732,72.83433444146067,5.872255800291896,2.765082359313965,0.0006726752705214198,64710,0.0,0.0
41,8.00426209505329,7.915105819702148,0.13252184512548498,0.06823989981135486,73.51035385020077,4.814979147166014,2.765082359313965,0.0006579634122155995,66327,0.0,0.0
42,7.994834624013251,7.851859092712402,0.1346083884600861,0.06873022302182562,72.68284062575549,5.687432226724923,2.765082359313965,0.000643100597489419,67945,0.0,0.0
43,7.98440380800896,7.886575698852539,0.13351506222499884,0.06802049861027473,71.19310061540455,4.6480176243931055,2.765082359313965,0.0006281014941466035,69563,0.0,0.0
44,7.969329691913282,7.878499984741211,0.1353123826102935,0.0695447097563941,73.00767829921097,4.60118403006345,2.765082359313965,0.000612980904491289,71181,0.0,0.0
45,7.965538971060451,7.8879547119140625,0.13292145105809858,0.06733007984178437,73.06083198171109,4.572220153175294,2.765082359313965,0.0005977537507199342,72798,0.0,0.0
46,7.960522304600348,7.8431878089904785,0.13551764946745953,0.06935930312028046,73.7782592009753,4.731791730970144,2.765082359313965,0.0005824350601949147,74416,0.0,0.0
47,7.958337798256388,7.842308044433594,0.13730860756393623,0.07045589994170783,73.31120288930833,4.746774397790432,2.765082359313965,0.000567039950614331,76034,0.0,0.0
48,7.946860006135208,7.853884696960449,0.13943265005264535,0.07101355103280924,73.43234791047871,5.402367914095521,2.765082359313965,0.0005515836150926649,77652,0.0,0.0
49,7.945600491663603,7.875362396240234,0.13523000746651972,0.06761845095859767,72.8775352537632,4.5723665580153465,2.765082359313965,0.0005360813071670105,79269,0.0,0.0
50,7.924630699340462,7.8317365646362305,0.13586235667080518,0.06920857530852098,72.91440907120705,4.572621330618858,2.765082359313965,0.0005205483257436738,80887,0.0,0.0
51,7.93228878044231,7.8344221115112305,0.13671885791964883,0.07000682702464854,73.0383671997115,5.153502142988145,2.765082359313965,0.0005050000000000002,82505,0.0,0.0
52,7.917843020030473,7.839330673217773,0.1350056520217871,0.06828114247264748,69.33361751493067,4.70695573091507,2.765082359313965,0.0004894516742563267,84123,0.0,0.0
53,7.907270776674674,7.813841342926025,0.13821287442807323,0.07138884598620315,71.03272641822696,4.574380232952535,2.765082359313965,0.0004739186928329901,85740,0.0,0.0
54,7.9077281076486985,7.864479064941406,0.13973551843666965,0.07201482836554224,74.03229532204568,4.57755409553647,2.765082359313965,0.00045841638490733556,87358,0.0,0.0
55,7.90699148907615,7.822638511657715,0.1348540250255037,0.06948216111436135,73.53148092143238,4.912381274625659,2.765082359313965,0.0004429600493856696,88976,0.0,0.0
56,7.903002365647577,7.7970685958862305,0.1373549871150538,0.0709061551036958,67.8400878123939,4.678631421178579,2.765082359313965,0.0004275649398050859,90594,0.0,0.0
57,7.882442305766344,7.824020862579346,0.13717280604149384,0.0704036883986737,67.0501544168219,4.69559686165303,2.765082359313965,0.0004122462492800665,92211,0.0,0.0
58,7.874905410127576,7.806388854980469,0.14134357757851565,0.072057372433715,67.53389595169574,4.731481635011733,2.765082359313965,0.00039701909550871175,93829,0.0,0.0
59,7.883891240501492,7.788796901702881,0.13873876450019115,0.0713374405460801,67.63843393605202,4.546193485148251,2.765082359313965,0.000381898505853397,95447,0.0,0.0
60,7.869521816479443,7.792783737182617,0.1404431961187626,0.07194330593013373,70.82237843144685,4.58387007471174,2.765082359313965,0.00036689940251058173,97065,0.0,0.0
61,7.872004369111725,7.804861068725586,0.13802491055957794,0.0702854967577371,73.76543523836881,4.624314475804567,2.765082359313965,0.00035203658778440135,98682,0.0,0.0
62,7.865527600892783,7.782153129577637,0.13979459351017587,0.07140452731762119,72.89230913855135,4.5742432456463575,2.765082359313965,0.00033732472947858096,100300,0.0,0.0
63,7.848707197033407,7.785892486572266,0.14179115615664983,0.07250490918941119,73.26393253356218,4.5935337310656905,2.765082359313965,0.0003227783464210847,101918,0.0,0.0
64,7.851649758768237,7.7779693603515625,0.14068241851946178,0.0722580958490831,73.81966139003634,4.5782481003552675,2.765082359313965,0.0003084117941357837,103536,0.0,0.0
65,7.850813327294711,7.7950849533081055,0.1366475359966881,0.06999984827396963,73.41202970221639,4.573661276139319,2.765082359313965,0.0002942392506752892,105153,0.0,0.0
66,7.840061275580625,7.805962562561035,0.14542177394854505,0.0741013258944333,73.39637721981853,4.568837665952742,2.765082359313965,0.0002802747026289245,106771,0.0,0.0
67,7.83615120911484,7.767696380615234,0.14168693221951933,0.07350332321312213,73.01091745495796,4.590322606265545,2.765082359313965,0.000266531931319651,108389,0.0,0.0
68,7.835616244836488,7.774444580078125,0.13964522707373006,0.07269474225487732,73.65774058736861,4.823686089366674,2.781266689300537,0.0002530244992035663,110007,0.0,0.0
69,7.818213905401676,7.774925231933594,0.13976550801200274,0.07242994657764715,70.47283532842994,6.279018520377576,2.781266689300537,0.00023976573648539667,111624,0.0,0.0
70,7.82409186106048,7.774566173553467,0.14114384401160818,0.07257577937542048,73.60875246953219,4.581132167950273,2.781266689300537,0.00022676872796319544,113242,0.0,0.0
71,7.816115702825248,7.774911880493164,0.14124191707509964,0.07300995101487491,73.39206923171878,4.575687941163778,2.781266689300537,0.00021404630011522598,114860,0.0,0.0
72,7.818460930482513,7.762302398681641,0.1425069776318595,0.07343441226892185,70.73165940307081,4.597831957042217,2.781266689300537,0.00020161100844177672,116478,0.0,0.0
73,7.804373726854367,7.764226913452148,0.14159196906720706,0.07261196629849505,67.2536610905081,4.969238413497806,2.781266689300537,0.0001894751250743987,118095,0.0,0.0
74,7.806913329578223,7.762731075286865,0.14185699634109614,0.07293821502013857,67.63858855515718,5.5436727572232485,2.781266689300537,0.00017765062666479255,119713,0.0,0.0
75,7.805852945133516,7.770602226257324,0.1395705400442831,0.07172056811180456,72.6212280774489,4.613874461501837,2.781266689300537,0.0001661491825652992,121331,0.0,0.0
76,7.788078219679478,7.739121913909912,0.14365413299477997,0.07386708770016834,73.61248748004436,4.603001822717488,2.781266689300537,0.00015498214331265912,122949,0.0,0.0
77,7.78728513934295,7.756763458251953,0.14319222197910014,0.07334916379572669,70.27909154910594,4.770445195026696,2.781266689300537,0.00014416052942640148,124566,0.0,0.0
78,7.789144856431277,7.764601230621338,0.14294048431617976,0.07355359881445962,67.77538502588868,4.8634275160729885,2.781266689300537,0.00013369502053292258,126184,0.0,0.0
79,7.795079225514518,7.747529983520508,0.14366981429135345,0.07436960480753524,66.96968834102154,4.58734218403697,2.781398296356201,0.00012359594482598446,127802,0.0,0.0
80,7.779832922201992,7.743093967437744,0.14358353382989464,0.07434294275368941,67.58273826446384,4.60443926975131,2.781398296356201,0.00011387326887403332,129420,0.0,0.0
81,7.781390304341417,7.754452705383301,0.14229488412259733,0.07301260139457846,72.44805020000786,4.8662864081561565,2.781398296356201,0.00010453658778440112,131037,0.0,0.0
82,7.7845289654496685,7.747783660888672,0.1451855200822311,0.07476916291615213,73.51440687477589,4.594566527754068,2.781398296356201,9.5595115734092e-05,132655,0.0,0.0
83,7.768627231593774,7.7444658279418945,0.1453400406750946,0.07538344207314092,67.95837145578116,4.6114848759025335,2.781398296356201,8.705767687650269e-05,134273,0.0,0.0
84,7.77747805493266,7.741825103759766,0.14670586904597643,0.07595601720972424,67.43728976510465,4.580848914571106,2.781398296356201,7.893269663304787e-05,135891,0.0,0.0
85,7.771602721399252,7.750097274780273,0.1455986543914082,0.07565378758434606,70.28832233417779,4.7554900869727135,2.7827982902526855,7.122819337828756e-05,137508,0.0,0.0
86,7.769347071629222,7.739579677581787,0.14457135527426962,0.07464793466232457,72.99801472295076,4.687634764239192,2.7827982902526855,6.395177052675798e-05,139126,0.0,0.0
87,7.7721378601715605,7.736794471740723,0.14377774631012405,0.07460436399485801,67.8591084908694,4.644775837659836,2.7827982902526855,5.711060902932045e-05,140744,0.0,0.0
88,7.761103019189695,7.747929573059082,0.14336594401665034,0.07449093166935616,68.01593350619078,4.6381893353536725,2.7827982902526855,5.071146028642948e-05,142362,0.0,0.0
89,7.758119530958548,7.741604328155518,0.14415218094397636,0.07469531895435721,73.34083351213485,4.639090649783611,2.7827982902526855,4.476063948531561e-05,143979,0.0,0.0
90,7.761079369953069,7.73512077331543,0.14524320833514687,0.07494590059210726,73.58548628445715,4.5909247705712914,2.7827982902526855,3.9264019367658426e-05,145597,0.0,0.0
91,7.751377455879816,7.7286553382873535,0.143483499286087,0.0739312128873767,73.24047122616321,4.581823422573507,2.7827982902526855,3.4227024433899026e-05,147215,0.0,0.0
92,7.754219369382803,7.7259650230407715,0.14394708599946732,0.0744977328214387,73.97080604266375,4.610930412076414,2.7827982902526855,2.9654625589913258e-05,148833,0.0,0.0
93,7.745867928882375,7.7314772605896,0.144373071960891,0.07446432314903251,72.88186973147094,4.650411809794605,2.7827982902526855,2.5551335241327692e-05,150450,0.0,0.0
94,7.754348756061826,7.730289459228516,0.1434268983742058,0.07405039837237751,73.30410165525973,4.651490047574043,2.7827982902526855,2.192120284032009e-05,152068,0.0,0.0
95,7.74659612222647,7.7338738441467285,0.14484760408252556,0.074846382859332,73.17710556834936,4.5935347601771355,2.7827982902526855,1.8767810889299096e-05,153686,0.0,0.0
96,7.751290185910954,7.7355146408081055,0.14439236126364471,0.0745455464944842,73.30774159915745,4.595455237664282,2.7827982902526855,1.609427140540687e-05,155304,0.0,0.0
97,7.7458337775855135,7.728043079376221,0.1449389109676007,0.07481961533073403,73.13678000401706,4.607317137531936,2.7827982902526855,1.3903222849333514e-05,156921,0.0,0.0
98,7.748902881629978,7.735227584838867,0.14387649418222082,0.07452244273653298,73.45055741164833,4.606354149058461,2.7827982902526855,1.2196827521475406e-05,158539,0.0,0.0
99,7.749287245833989,7.733209133148193,0.14385801094507347,0.07457342377245452,73.48196666780859,4.604629578068852,2.7827982902526855,1.097676942800558e-05,160157,0.0,0.0
100,7.748397255327027,7.732500076293945,0.1445096900571114,0.07489993168022226,71.31575529277325,4.5869787922129035,2.7827982902526855,1.024425261896286e-05,161775,0.0,0.0
