method,n,best_mean,best_sd,best_t95_low,best_t95_high,last_mean,train_mean,total_mean
cache1,3,2.569405851564545,0.05973708121338609,2.4210107153268994,2.7178009878021903,1.8258325759072511,213.58126065445444,301.2355570597574
cache2,3,3.6405483225106847,0.2134636147169693,3.110275307085776,4.170821337935593,2.8434466596106995,217.70112081834426,317.4220011134942
frofa-c1-d01,3,2.7640033821706846,0.1554931700185197,2.3777369345935475,3.1502698297478218,2.180590881091066,218.04584411686906,306.32386237631243
frofa-c1-d03,3,2.467457575986185,0.19521012261599682,1.9825287486621441,2.952386403310226,1.962003619443449,218.30574180775633,305.98055131329846
frofa-c2-d01,3,3.5751884206588254,0.10103935712352918,3.324192743247818,3.8261840980698327,3.0075930071221086,210.99807388956347,310.66660957162577
frofa-c2-d03,3,3.324130511857933,0.15643778217192578,2.935517517607454,3.712743506108412,2.840472529855871,213.5187899802501,313.45614178820205
transport-c1,3,3.177537456912578,0.09028428227276711,2.953258866532051,3.401816047293105,2.757390516630149,220.14909096900374,308.76034118017805
loffta-c1-n005,3,3.2853355287192785,0.29502521850412894,2.5524522574882287,4.018218799950328,2.994193055233336,223.2880773746098,313.46729391658056
transport-c2,3,3.7665883962212705,0.08103380823754779,3.5652892572440633,3.9678875351984777,3.4722944860634555,221.50594007130712,320.9028900715833
loffta-c2-n005,3,3.767508145930463,0.016069931377693285,3.727588223368394,3.8074280684925323,3.4479393554743214,232.2340785106644,345.0846309621508
