dataset,seed,context,rank,hidden,augmentation,mode,map50_95,ap_gap_recovery,loss_gap_recovery,parameters
visdrone500,0,multiscale_global,64,128,hflip,true,0.008555292095496079,1.0,1.0,409984
visdrone500,0,multiscale_global,64,128,hflip,transport,0.0011131777543962307,0.0,0.0,409984
visdrone500,0,multiscale_global,64,128,hflip,mean_only,0.0011091265108153768,-0.0005443672853130684,0.016355859241646113,409984
visdrone500,0,multiscale_global,64,128,hflip,oracle,0.008491091019030145,0.9913732746470479,0.995047469509796,409984
visdrone500,0,multiscale_global,64,128,hflip,predicted,0.00818504860164051,0.9502502277060082,0.9809273711427664,409984
visdrone500,0,multiscale_global,64,128,zoom_in15,true,0.010664662243651478,1.0,1.0,409984
visdrone500,0,multiscale_global,64,128,zoom_in15,transport,0.0028478263104206843,0.0,0.0,409984
visdrone500,0,multiscale_global,64,128,zoom_in15,mean_only,0.0039133530882266895,0.1363117745987551,0.1985472172461522,409984
visdrone500,0,multiscale_global,64,128,zoom_in15,oracle,0.010290907274045047,0.952185900689366,0.9385776540510825,409984
visdrone500,0,multiscale_global,64,128,zoom_in15,predicted,0.004697141949003743,0.23658109935776972,0.1986362256533749,409984
visdrone500,1,multiscale_global,64,128,hflip,true,0.008555292095496079,1.0,1.0,409984
visdrone500,1,multiscale_global,64,128,hflip,transport,0.0011131777543962307,0.0,0.0,409984
visdrone500,1,multiscale_global,64,128,hflip,mean_only,0.0012056758166087028,0.012429003099514597,-0.0023016250238271922,409984
visdrone500,1,multiscale_global,64,128,hflip,oracle,0.008005300628738627,0.9260974178104108,0.9755990187914437,409984
visdrone500,1,multiscale_global,64,128,hflip,predicted,0.007656279457467924,0.8791992978308243,0.9631171641776751,409984
visdrone500,1,multiscale_global,64,128,zoom_in15,true,0.010664662243651478,1.0,1.0,409984
visdrone500,1,multiscale_global,64,128,zoom_in15,transport,0.0028478263104206843,0.0,0.0,409984
visdrone500,1,multiscale_global,64,128,zoom_in15,mean_only,0.0038500337097125996,0.12821138985805614,0.20847296325392006,409984
visdrone500,1,multiscale_global,64,128,zoom_in15,oracle,0.010501147661538052,0.9790817431106243,0.9345211464782068,409984
visdrone500,1,multiscale_global,64,128,zoom_in15,predicted,0.004437191236734299,0.20332586482427437,0.19624632296615352,409984
visdrone500,2,multiscale_global,64,128,hflip,true,0.008555292095496079,1.0,1.0,409984
visdrone500,2,multiscale_global,64,128,hflip,transport,0.0011131777543962307,0.0,0.0,409984
visdrone500,2,multiscale_global,64,128,hflip,mean_only,0.0010790162774043405,-0.004590291874881566,0.0313376251982605,409984
visdrone500,2,multiscale_global,64,128,hflip,oracle,0.008354949545022443,0.973079888148557,0.9898623211510676,409984
visdrone500,2,multiscale_global,64,128,hflip,predicted,0.008211155061396427,0.9537581635639325,0.9744446447416126,409984
visdrone500,2,multiscale_global,64,128,zoom_in15,true,0.010664662243651478,1.0,1.0,409984
visdrone500,2,multiscale_global,64,128,zoom_in15,transport,0.0028478263104206843,0.0,0.0,409984
visdrone500,2,multiscale_global,64,128,zoom_in15,mean_only,0.003876248007655414,0.1315649587658252,0.19812990977035408,409984
visdrone500,2,multiscale_global,64,128,zoom_in15,oracle,0.009739984238120033,0.8817068679156397,0.9270468621627255,409984
visdrone500,2,multiscale_global,64,128,zoom_in15,predicted,0.004273040749450683,0.18232625722271492,0.18358290046309045,409984
coco128,0,multiscale_global,64,128,hflip,true,0.00024974052932018683,1.0,1.0,409984
coco128,0,multiscale_global,64,128,hflip,transport,6.855518484430127e-05,0.0,0.0,409984
coco128,0,multiscale_global,64,128,hflip,mean_only,5.491280240959316e-05,-0.07529517618641503,-0.08892852937797434,409984
coco128,0,multiscale_global,64,128,hflip,oracle,0.00012119252803185416,0.29051656103763146,1.4637850543236905,409984
coco128,0,multiscale_global,64,128,hflip,predicted,0.00013037166085946576,0.3411781244999747,2.165479739408134,409984
coco128,0,multiscale_global,64,128,zoom_in15,true,8.458452512588072e-05,1.0,1.0,409984
coco128,0,multiscale_global,64,128,zoom_in15,transport,0.0006126596980255516,-0.0,-0.0,409984
coco128,0,multiscale_global,64,128,zoom_in15,mean_only,0.0017561447623624725,-2.1653831178201814,-0.17408661458262306,409984
coco128,0,multiscale_global,64,128,zoom_in15,oracle,0.0009064655149494596,-0.5563711986507802,1.1346898383249113,409984
coco128,0,multiscale_global,64,128,zoom_in15,predicted,0.0015525783972125437,-1.779895642557631,-0.2955246198626671,409984
coco128,1,multiscale_global,64,128,hflip,true,0.00024974052932018683,1.0,1.0,409984
coco128,1,multiscale_global,64,128,hflip,transport,6.855518484430127e-05,0.0,0.0,409984
coco128,1,multiscale_global,64,128,hflip,mean_only,7.334476025493565e-05,0.026434673425100544,-0.4874969932540512,409984
coco128,1,multiscale_global,64,128,hflip,oracle,0.0009682506143234049,4.965608184710803,2.5047071375272982,409984
coco128,1,multiscale_global,64,128,hflip,predicted,0.0007392153148835986,3.7015142255534754,0.9086584892808202,409984
coco128,1,multiscale_global,64,128,zoom_in15,true,8.458452512588072e-05,1.0,1.0,409984
coco128,1,multiscale_global,64,128,zoom_in15,transport,0.0006126596980255516,-0.0,-0.0,409984
coco128,1,multiscale_global,64,128,zoom_in15,mean_only,0.0014649558779599714,-1.6139675252188908,0.32180143367157354,409984
coco128,1,multiscale_global,64,128,zoom_in15,oracle,0.0008879611236067439,-0.5213299918447346,0.6307788875756766,409984
coco128,1,multiscale_global,64,128,zoom_in15,predicted,0.0008641990575647052,-0.47633248531254774,0.4685803781781444,409984
coco128,2,multiscale_global,64,128,hflip,true,0.00024974052932018683,1.0,1.0,409984
coco128,2,multiscale_global,64,128,hflip,transport,6.855518484430127e-05,0.0,0.0,409984
coco128,2,multiscale_global,64,128,hflip,mean_only,6.574300834397579e-05,-0.015520993204280693,-0.8744628488999149,409984
coco128,2,multiscale_global,64,128,hflip,oracle,3.5465587405052584e-05,-0.18262844345919302,0.9513373066924149,409984
coco128,2,multiscale_global,64,128,hflip,predicted,0.0009766666666666667,5.012058146586068,0.48719324870862607,409984
coco128,2,multiscale_global,64,128,zoom_in15,true,8.458452512588072e-05,1.0,1.0,409984
coco128,2,multiscale_global,64,128,zoom_in15,transport,0.0006126596980255516,-0.0,-0.0,409984
coco128,2,multiscale_global,64,128,zoom_in15,mean_only,0.0013710673331373126,-1.436173624575702,0.036296074467960425,409984
coco128,2,multiscale_global,64,128,zoom_in15,oracle,2.0476605276256848e-05,1.1213992309042027,1.431879106614474,409984
coco128,2,multiscale_global,64,128,zoom_in15,predicted,0.0001292136166975705,0.9154872376850618,0.04873141358017794,409984
